medium1,0.67584,ground_50_50
complex1,0.5454399999999999,ground_50_50
simple1,0.569375,ground_40_40
medium2,0.75776,ground_50_50
